"id","city","company","name","type","prod"
1,"Игарка","АО ""Ванкорнефть""","Ванкорское месторождение","нефтегазовое","479.10 млн. тонн"
2,"Тазовский","ПАО ""НК ""РОСНЕФТЬ""","Русское месторождение","газонефтяное","422.00 млн. тонн"
3,"Лянтор","ОАО ""Сургутнефтегаз""","Лянторское месторождение","нефтегазоконденсатное","380.00 млн. тонн"
4,"Тобольск","ООО «РН «Уватнефтегаз»","Урненское месторождение","нефтяное","360.00 млн. тонн"
5,"Усинск","ООО «ЛУКОЙЛ-Коми»","Усинское месторождение","нефтяное","350.00 млн. тонн"
6,"Ханты-Мансийск","АО «РН-Няганьнефтегаз»","Каменное месторождение (западная часть)","нефтегазовое","300.00 млн. тонн"
7,"Киренск","ПАО ""НК ""РОСНЕФТЬ""","Верхнечонское месторождение","нефтегазоконденсатное","276.00 млн. тонн"
8,"Нижневартовск","АО «Томскнефть» ВНК","Советское месторождение","нефтяное","232.80 млн. тонн"
9,"Ханты-Мансийск","ООО «Газпромнефть-Хантос»","Приобское месторождение (южная лицензионная территория (ЮЛТ))","нефтяное","220.00 млн. тонн"
10,"Сургут","ОАО ""Сургутнефтегаз""","Западно-Сургутское месторождение","нефтяное","215.00 млн. тонн"
11,"Губкинский","ПАО ""НК ""РОСНЕФТЬ""","Северо-Комсомольское месторождение","нефтегазоконденсатное","205.00 млн. тонн"
12,"Ханты-Мансийск","ООО «РН-Юганскнефтегаз»","Приразломное месторождение (Роснефть)","нефтяное","200.00 млн. тонн"
13,"Сургут","ОАО ""Сургутнефтегаз""","Фёдоровское месторождение","нефтегазоконденсатное","189.90 млн. тонн"
14,"Мирный (Республика Саха (Якутия))","ПАО ""НК ""РОСНЕФТЬ""","Среднеботуобинское месторождение","нефтегазоконденсатное","166.00 млн. тонн"
15,"Тюмень","ОАО ""Сургутнефтегаз""","Рогожниковское месторождение","нефтяное","150.00 млн. тонн"
16,"Ярега","ООО «ЛУКОЙЛ-Коми»","Ярегское месторождение","нефтяное","131.80 млн. тонн"
17,NA,"Собственник/Инвестор","Кумкольское месторождение","газонефтяное","130.00 млн. тонн"
18,"Астрахань","ПАО ""ЛУКОЙЛ""","Месторождение им. В. Филановского","нефтегазоконденсатное","129.00 млн. тонн"
19,"Муравленко","АО «Газпромнефть-Ноябрьскнефтегаз»","Сугмутское месторождение","нефтяное","123.77 млн. тонн"
20,"Губкинский","АО «Газпромнефть-Ноябрьскнефтегаз»","Меретояхинское месторождение","нефтегазовое","120.00 млн. тонн"
21,"Нижневартовск","АО «Томскнефть» ВНК","Вахское месторождение","нефтяное","101.60 млн. тонн"
22,"Надым","ООО «Газпром нефть Новый Порт»","Новопортовское месторождение","нефтегазоконденсатное","100.00 млн. тонн"
23,"Новый Уренгой","ООО «РН-Пурнефтегаз»","Северо-Харампурское месторождение","газонефтяное","88.00 млн. тонн"
24,"Губкинский","ПАО ""НК ""РОСНЕФТЬ""","Южно-Харампурское месторождение","нефтегазовое","88.00 млн. тонн"
25,"Новый Уренгой","ПАО ""НК ""РОСНЕФТЬ""","Харампурское месторождение","нефтегазоконденсатное","80.00 млн. тонн"
26,"пгт Ноглики","ООО «Газпромнефть-Сахалин»","Месторождение Нептун (Аяшский участок)","нефтяное","80.00 млн. тонн"
27,"Новый Уренгой","ООО «Газпромнефть-Ямал»","Северо-Самбургское месторождение","нефтяное","80.00 млн. тонн"
28,"Воткинск","ОАО ""Удмуртнефть""","Мишкинское месторождение","нефтяное","79.90 млн. тонн"
29,"Дудинка","АО «Самотлорнефтегаз»","Лодочное месторождение","нефтегазоконденсатное","77.00 млн. тонн"
30,"пос. Лыхма Белоярского р-на","ПАО ""ЛУКОЙЛ""","Месторождение им. В.Н. Виноградова (Большое Ольховское нефтяное месторождение)","нефтяное","75.00 млн. тонн"
31,"Сарапул","ОАО ""Удмуртнефть""","Ельниковское месторождение","нефтяное","74.91 млн. тонн"
32,"Тазовский","ООО ""Газпром добыча Ямбург""","Тазовское месторождение","нефтегазоконденсатное","72.00 млн. тонн"
33,"Ноябрьск","АО «Газпромнефть-Ноябрьскнефтегаз»","Холмогорское месторождение","нефтяное","70.00 млн. тонн"
34,"Нарьян-Мар","ООО «Газпром нефть шельф»","Приразломное месторождение","нефтяное","70.00 млн. тонн"
35,"Игарка","ООО «ЛУКОЙЛ-Западная Сибирь»","Пякяхинское месторождение","нефтегазоконденсатное","69.50 млн. тонн"
36,"Воткинск","ОАО ""Удмуртнефть""","Гремихинское месторождение","нефтяное","65.44 млн. тонн"
37,"Губкинский","АО «Газпромнефть-Ноябрьскнефтегаз»","Вынгаяхинское месторождение","нефтегазовое","62.00 млн. тонн"
38,"Нижневартовск","ПАО ""НК ""РОСНЕФТЬ""","Ван-Еганское месторождение","нефтегазоконденсатное","62.00 млн. тонн"
39,"Ноябрьск","АО «Газпромнефть-Ноябрьскнефтегаз»","Спорышевское месторождение","нефтяное","54.60 млн. тонн"
40,"Муравленко","АО «Газпромнефть-Ноябрьскнефтегаз»","Крайнее месторождение","нефтяное","52.00 млн. тонн"
41,"Нягань","АО «РН-Няганьнефтегаз»","Ем-Ёговское месторождение","нефтяное","51.00 млн. тонн"
42,"Нарьян-Мар","ООО ""Башнефть-Полюс""","Месторождение им. Р. Требса (Варкнавтское месторождение)","нефтяное","51.00 млн. тонн"
43,"Ханты-Мансийск","ПАО ""НК ""РОСНЕФТЬ""","Назымское месторождение","нефтяное","43.00 млн. тонн"
44,"Астрахань","ЗАО ""Нефтегазовая компания ""АФБ"" (""НГК ""АФБ"")","Месторождение Великое","нефтегазовое","42.30 млн. тонн"
45,"Ханты-Мансийск","Собственник/Инвестор","Гавриковское месторождение","нефтяное","40.00 млн. тонн"
46,"Новый Уренгой","ООО «НОВАТЭК-ТАРКОСАЛЕНЕФТЕГАЗ»","Харбейское месторождение","нефтегазоконденсатное","40.00 млн. тонн"
47,"Нарьян-Мар","ООО ""Башнефть-Полюс""","Месторождение им. А. Титова","нефтяное","38.00 млн. тонн"
48,"Астрахань","ПАО ""ЛУКОЙЛ""","Месторождение им. В.И. Грайфера (Ракушечное месторождение)","газоконденсатное","38.00 млн. тонн"
49,"Куюмба","ПАО «Газпром нефть»","Оморинское месторождение","нефтегазовое","36.00 млн. тонн"
50,"Киренск","ООО «ИНК» (Иркутская нефтяная компания)","Западно-Аянское месторождение","нефтегазоконденсатное","33.58 млн. тонн"
51,"Ханты-Мансийск","ОАО ""Сургутнефтегаз""","Северо-Рогожниковское (имени В. И. Шпильмана) месторождение","нефтяное","32.95 млн. тонн"
52,"Северск","АО ""Новосибирскнефтегаз""","Верх-Тарское месторождение","нефтяное","32.00 млн. тонн"
53,"Ханты-Мансийск","ООО ""Башнефть-Полюс""","Тортасинское месторождение","нефтяное","29.00 млн. тонн"
54,"Астрахань","ПАО ""ЛУКОЙЛ""","Месторождение им. Ю. Корчагина","нефтегазоконденсатное","28.80 млн. тонн"
55,"Ноябрьск","АО «Газпромнефть-Ноябрьскнефтегаз»","Равнинное месторождение","нефтяное","28.00 млн. тонн"
56,"Ноябрьск","АО «Газпромнефть-Ноябрьскнефтегаз»","Вынгапуровское месторождение","нефтегазовое","26.00 млн. тонн"
57,"Оренбург","Собственник/Инвестор","Сладковско-заречное месторождение","нефтяное","26.00 млн. тонн"
58,"Кедровый","ООО «Газпромнефть-Восток»","Урманское месторождение","нефтяное","25.25 млн. тонн"
59,"Оренбург","ООО «Газпромнефть-Оренбург»","Царичанское месторождение","нефтегазоконденсатное","25.00 млн. тонн"
60,"Демьянское","ООО «Газпромнефть-Хантос»","Зимнее месторождение","нефтяное","23.00 млн. тонн"
61,"Ханты-Мансийск","ПАО ""НК ""РОСНЕФТЬ""","Западно-Эргинское месторождение","нефтяное","23.00 млн. тонн"
62,"Нягань","ООО «Газпромнефть-Хантос»","Пальяновское месторождение","нефтяное","20.30 млн. тонн"
63,"Тара","ООО «Газпромнефть-Восток»","Крапивинское месторождение Юго-Западная часть","нефтяное","20.00 млн. тонн"
64,"Губкинский","АО «Газпромнефть-Ноябрьскнефтегаз»","Еты-Пуровское месторождение","нефтегазовое","20.00 млн. тонн"
65,"Кедровый","ООО «Газпромнефть-Восток»","Арчинское месторождение","нефтегазоконденсатное","18.22 млн. тонн"
66,"Салым","ООО «РН «Уватнефтегаз»","Косухинское месторождение","нефтяное","18.00 млн. тонн"
67,"Нижневартовск","ООО «Газпромнефть-Хантос»","Малоюганское месторождение","нефтяное","17.30 млн. тонн"
68,"Муравленко","АО «Газпромнефть-Ноябрьскнефтегаз»","Романовское месторождение","нефтяное","17.10 млн. тонн"
69,"Южно-Сахалинск","Эксон Нефтегаз Лимитед","Месторождение Чайво","нефтегазоконденсатное","14.00 млн. тонн"
70,"Тара","АО «Томскнефть» ВНК","Игольско-Таловое месторождение","нефтяное","13.00 млн. тонн"
71,"Нижневартовск","ООО «Газпромнефть-Хантос»","Южное месторождение","нефтяное","12.90 млн. тонн"
72,"Саратов","ООО «НК ГеоПромНефть»","Клинцовское месторождение","нефтяное","12.00 млн. тонн"
73,"Тобольск","ООО «РН «Уватнефтегаз»","Протозановское месторождение","нефтяное","12.00 млн. тонн"
74,"Пыть-Ях","ООО «РН-Юганскнефтегаз»","Месторождение им. Московцева","нефтяное","11.00 млн. тонн"
75,"Томск","АО НК ""РуссНефть""","Южно-Мыльджинское месторождение","нефтяное","10.50 млн. тонн"
76,"Иркутск","АО «ИНК-Запад»","Ичединское месторождение","нефтяное","10.00 млн. тонн"
77,"Усинск","ООО ""Енисей""","Западно-Сынатыское месторождение","нефтегазовое","9.00 млн. тонн"
78,"Новый Уренгой","ПАО ""НК ""РОСНЕФТЬ""","Береговое месторождение","газоконденсатное","9.00 млн. тонн"
79,"Ханты-Мансийск","ОАО ""Сургутнефтегаз""","Южно-Нюрымское месторождение","нефтяное","8.50 млн. тонн"
80,"Сорочинск","ООО «Газпромнефть-Оренбург»","Балейкинское месторождение","нефтяное","7.22 млн. тонн"
81,"Оха","ПАО ""НК ""РОСНЕФТЬ""","Месторождение Тунгор","нефтегазоконденсатное","6.87 млн. тонн"
82,"Нижневартовск","ООО «Газпромнефть-Хантос»","Орехово-Ермаковское месторождение","нефтяное","6.80 млн. тонн"
83,"Тазовский","ООО «НОВАТЭК-ТАРКОСАЛЕНЕФТЕГАЗ»","Северо-Русское месторождение","газоконденсатное","6.50 млн. тонн"
84,"Оренбург","ООО «Газпромнефть-Оренбург»","Капитоновское месторождение","нефтегазовое","5.80 млн. тонн"
85,"Нефтегорск","АО ""Самаранефтегаз""","Кулешовское месторождение","нефтяное","5.10 млн. тонн"
86,"Бариновка","АО ""Самаранефтегаз""","Бариновско-Лебяжинское месторождение","нефтяное","4.60 млн. тонн"
87,"Отрадный","АО ""Самаранефтегаз""","Мухановское месторождение","нефтяное","4.10 млн. тонн"
88,"Тымовское","ПАО «Газпром»","Южно-Киринское месторождение","газоконденсатное","4.10 млн. тонн"
89,"Нефтегорск","АО ""Самаранефтегаз""","Утевское месторождение","нефтяное","3.94 млн. тонн"
90,"Нижневартовск","ООО «Газпромнефть-Хантос»","Южно-Киняминское месторождение","нефтяное","3.70 млн. тонн"
91,"Батайск","ООО «Газпром добыча Краснодар»","Азовское месторождение","нефтегазовое","3.19 млн. тонн"
92,"Астрахань","ПАО ""ЛУКОЙЛ""","Хвалынское месторождение","нефтегазоконденсатное","2.00 млн. тонн"
93,"Тара","АО «Томскнефть» ВНК","Двуреченское месторождение","нефтяное","1.80 млн. тонн"
94,"Кедровый","ООО «Газпромнефть-Восток»","Шингинское месторождение","нефтегазоконденсатное","1.20 млн. тонн"
95,"Оренбург","ООО ""Газпром добыча Оренбург""","Нагумановское месторождение","нефтегазоконденсатное","0.96 млн. тонн"
96,"Темрюк","ОАО ""НК Приазовнефть""","Новое месторождение","нефтяное","0.87 млн. тонн"
97,"Кедровый","ООО «Газпромнефть-Восток»","Западно-Лугинецкое месторождение","нефтяное",NA
98,"Кедровый","ООО «Газпромнефть-Восток»","Нижнелугинецкое месторождение","нефтяное",NA
99,"Муравленко","АО «Газпромнефть-Ноябрьскнефтегаз»","Суторминское месторождение","нефтегазовое",NA
100,"Муравленко","АО «Газпромнефть-Ноябрьскнефтегаз»","Муравленковское месторождение","газонефтяное",NA
101,"Губкинский","ПАО ""НК ""РОСНЕФТЬ""","Ново-Пурпейское месторождение","нефтяное",NA
102,"Муравленко","АО «Газпромнефть-Ноябрьскнефтегаз»","Умсейское месторождение","нефтегазоконденсатное",NA
103,"Муравленко","АО «Газпромнефть-Ноябрьскнефтегаз»","Северо-Янгтинское месторождение","нефтегазовое",NA
104,"Муравленко","АО «Газпромнефть-Ноябрьскнефтегаз»","Северо-Памалияхское","нефтяное",NA
105,"Ноябрьск","АО «Газпромнефть-Ноябрьскнефтегаз»","Карамовское месторождение","нефтяное",NA
106,"Ноябрьск","АО «Газпромнефть-Ноябрьскнефтегаз»","Пограничное месторождение","нефтяное",NA
107,"Ноябрьск","АО «Газпромнефть-Ноябрьскнефтегаз»","Средне-Итурское месторождение","нефтяное",NA
108,"Ноябрьск","АО «Газпромнефть-Ноябрьскнефтегаз»","Западно-Ноябрьское месторождение","нефтяное",NA
109,"Ноябрьск","АО «Газпромнефть-Ноябрьскнефтегаз»","Новогоднее месторождение","нефтяное",NA
110,"Ноябрьск","АО «Газпромнефть-Ноябрьскнефтегаз»","Ярайнерское месторождение","нефтяное",NA
111,"Ноябрьск","АО «Газпромнефть-Ноябрьскнефтегаз»","Холмистое месторождение","нефтегазовое",NA
112,"Ноябрьск","АО «Газпромнефть-Ноябрьскнефтегаз»","Чатылькинское месторождение","нефтяное",NA
113,"Ноябрьск","АО «Газпромнефть-Ноябрьскнефтегаз»","Воргенское месторождение","нефтяное",NA
114,"Оренбург","ООО «Газпромнефть-Оренбург»","Оренбургское месторождение (Восточный участок)","нефтегазоконденсатное",NA
115,"Сорочинск","ООО «Газпромнефть-Оренбург»","Филатовское месторождение","нефтяное",NA
116,"Нижневартовск","ООО «Газпромнефть-Хантос»","Западно-Зимний участок","нефтяное",NA
117,"Ханты-Мансийск","ПАО ""НК ""РОСНЕФТЬ""","Приобское месторождение (северная лицензионная территория (СЛТ))","нефтяное",NA
118,"Самара","АО ""Самаранефтегаз""","Южно-Орловское месторождение","нефтяное",NA
119,"Ижевск","ОАО ""Удмуртнефть""","Архангельское месторождение","нефтяное",NA
120,"Киенгоп","ОАО ""Удмуртнефть""","Киенгопское месторождение","нефтяное",NA
121,"Игра","ОАО ""Удмуртнефть""","Чутырское месторождение","нефтяное",NA
122,"Кунгур","ООО ""ЛУКОЙЛ-ПЕРМЬ""","Ильичевское месторождение","нефтяное",NA
123,"Нижневартовск","АО «Томскнефть» ВНК","Западно-Полуденное месторождение","нефтяное",NA
124,"Новый Уренгой","АО ""Мессояханефтегаз""","Западно-Мессояхское месторождение","нефтегазовое",NA
125,"Новый Уренгой","АО ""Мессояханефтегаз""","Восточно-Мессояхское месторождение","нефтегазовое",NA
126,"Сабетта","ОАО ""Ямал СПГ""","Южно-Тамбейское месторождение","газоконденсатное",NA
127,"Юрхарово","АО «Нортгаз»","Северо-Уренгойское месторождение","газоконденсатное",NA
128,"Юрхарово","ООО «НОВАТЭК-ЮРХАРОВНЕФТЕГАЗ»","Юрхаровское месторождение","нефтегазоконденсатное",NA
129,"Тарко-Сале","ООО «НОВАТЭК-ТАРКОСАЛЕНЕФТЕГАЗ»","Восточно-Таркосалинское месторождение","нефтегазоконденсатное",NA
130,"Тарко-Сале","ООО «НОВАТЭК-ТАРКОСАЛЕНЕФТЕГАЗ»","Ханчейское месторождение","газоконденсатное",NA
131,"Новый Уренгой","ОАО ""Арктикгаз"" (""АРКТИЧЕСКАЯ ГАЗОВАЯ КОМПАНИЯ"")","Самбургский лицензионный участок (Самбургское месторождение)","газоконденсатное",NA
132,"Новый Уренгой","ОАО ""Арктикгаз"" (""АРКТИЧЕСКАЯ ГАЗОВАЯ КОМПАНИЯ"")","Уренгойское месторождение ОАО «АРКТИКГАЗ»","нефтегазоконденсатное",NA
133,"Уренгой","ОАО ""Арктикгаз"" (""АРКТИЧЕСКАЯ ГАЗОВАЯ КОМПАНИЯ"")","Яро-Яхинское месторождение (Яро-Яхинский лицензионный участок)","нефтегазоконденсатное",NA
134,"Яры","Собственник/Инвестор","Юмбъяхское месторождение","газоконденсатное",NA
135,"Мунгуй","АО ""ТАЙМЫРНЕФТЕГАЗ""","Северо-Пайяхское месторождение","нефтяное",NA
136,"Киренск","АО ""ВЕРХНЕЧОНСКНЕФТЕГАЗ"" (АО ""ВЧНГ"")","Северо-Даниловское месторождение","нефтегазоконденсатное",NA
137,"Южно-Сахалинск","ООО ""Венинефть""","Северо-Венинское месторождение","газоконденсатное",NA
138,"Тазовский","ООО «НОВАТЭК-ТАРКОСАЛЕНЕФТЕГАЗ»","Дороговское месторождение","нефтегазоконденсатное",NA
139,"Тобольск","ООО «РН «Уватнефтегаз»","Усть-Тегусское месторождение","нефтяное",NA
140,"Нижневартовск","АО «Самотлорнефтегаз»","Самотлорское месторождение","нефтяное",NA
141,"Альметьевск","ПАО «Татнефть»","Ромашкинское месторождение","нефтяное",NA
142,"Атырау","АО ""КоЖан""","Морское месторождение","нефтяное",NA
143,"Харьяга","АО ""Зарубежнефть""","Харьягинское месторождение","нефтяное",NA
144,"Нефтеюганск","ООО «РН-Юганскнефтегаз»","Мамонтовское месторождение","нефтяное",NA
145,"Ханты-Мансийск","ООО «ЛУКОЙЛ-Западная Сибирь»","Каменный лицензионный участок (восточная часть Красноленинского месторождения)","нефтегазовое",NA
146,"Нягань","АО «РН-Няганьнефтегаз»","Талинское месторождение","нефтяное",NA
147,"Ханты-Мансийск","ПАО ""НК ""РОСНЕФТЬ""","Эргинское месторождение","нефтяное",NA
148,"Куюмба","ООО «Славнефть-Красноярскнефтегаз»","Куюмбинское месторождение","нефтяное",NA
149,"Сабетта","ООО ""Арктик СПГ 2""","Салмановское (Утреннее) месторождение","газоконденсатное",NA
150,"Салым","«Салым Петролеум Девелопмент Н.В.»","Западно-Салымское месторождение","нефтяное",NA
151,"Салехард","ООО ""Арктик СПГ 1""","Гыданское месторождение","газоконденсатное",NA
152,"Киренск","ООО «ИНК» (Иркутская нефтяная компания)","Ярактинское месторождение","нефтегазоконденсатное",NA
153,"Атырау","North Caspian Operating Company (NCOC) / Норт Каспиан Оперейтинг Компани Н.В. (НКОК)","Месторождение Кашаган","нефтегазовое",NA
154,"Дудинка","ПАО ""НК ""РОСНЕФТЬ""","Сузунское месторождение","нефтегазовое",NA
155,"Ноябрьск","ПАО ""НК ""РОСНЕФТЬ""","Северо-Тарасовское месторождение","нефтегазовое",NA
156,"Ноябрьск","ПАО ""НК ""РОСНЕФТЬ""","Тарасовское месторождение","нефтегазовое",NA
157,"Южно-Сахалинск","ПАО ""НК ""РОСНЕФТЬ""","Месторождение Одопту-море (Северный купол)","нефтяное",NA
158,"Южно-Сахалинск","ПАО ""НК ""РОСНЕФТЬ""","Катангли месторождение","нефтяное",NA
159,"Южно-Сахалинск","ПАО ""НК ""РОСНЕФТЬ""","Набиль месторождение","нефтегазовое",NA
160,"Южно-Сахалинск","ПАО ""НК ""РОСНЕФТЬ""","Восточное Даги (Даги) месторождение","нефтегазовое",NA
161,"Ноябрьск","ООО «РН-Пурнефтегаз»","Западно-Пурпейское месторождение","нефтегазовое",NA
162,"Ноябрьск","ООО «РН-Пурнефтегаз»","Восточно-Янгтинское месторождение","нефтегазовое",NA
163,"Ноябрьск","ООО «РН-Пурнефтегаз»","Усть-Харампурское месторождение","нефтяное",NA
164,"Сургут","ПАО ""НК ""РОСНЕФТЬ""","Правдинское месторождение","нефтегазовое",NA
165,"Томск","ОАО «Томскгазпром»","Северо-Останинское месторождение","нефтяное",NA
166,"Томск","ОАО «Томскгазпром»","Казанское месторождение","нефтегазовое",NA
167,"Томск","ОАО «Томскгазпром»","Мыльджинское месторождение","нефтегазовое",NA
168,"Томск","ОАО «Томскгазпром»","Болтное месторождение","нефтяное",NA
169,"Томск","АО «Независимая нефтегазовая компания»","Средне-Нюрольское месторождение","нефтегазовое",NA
170,"Томск","АО «Независимая нефтегазовая компания»","Ключевское месторождение","нефтегазовое",NA
171,"Томск","АО «Независимая нефтегазовая компания»","Пуглалымское месторождение","нефтегазовое",NA
172,"Томск","ООО «Газпромнефть-Восток»","Кулгинское месторождение","нефтегазовое",NA
173,"Томск","ООО «Газпромнефть-Восток»","Южно-Табаганское месторождение","нефтегазовое",NA
174,"Томск","ООО «Газпромнефть-Восток»","Лугинецкое месторождение","нефтегазовое",NA
175,"Усть-Кут","ООО «ИНК» (Иркутская нефтяная компания)","Даниловское месторождение","нефтегазовое",NA
176,"Ханты-Мансийск","ОАО ""Сургутнефтегаз""","Имени Н. К. Байбакова месторождение","нефтяное",NA
177,"Сургут","ПАО ""НК ""РОСНЕФТЬ""","Восточно-Сургутское месторождение","нефтяное",NA
178,"Ханты-Мансийск","ОАО ""Сургутнефтегаз""","Жумажановское месторождение","нефтяное",NA
179,"Сургут","ОАО ""Сургутнефтегаз""","Сурьеганское месторождение","нефтяное",NA
180,"Сургут","ОАО ""Сургутнефтегаз""","Ватлорское месторождение","нефтяное",NA
181,"Сургут","ОАО ""Сургутнефтегаз""","Южно-Ватлорское месторождение","нефтяное",NA
182,"Сургут","ОАО ""Сургутнефтегаз""","Ай-Пимское месторождение","нефтяное",NA
183,"Сургут","ОАО ""Сургутнефтегаз""","Вачимское месторождение","нефтегазовое",NA
184,"Нарьян-Мар","ООО «ЛУКОЙЛ-Коми»","Имени Ю. Россихина месторождение","нефтяное",NA
185,"Вилюйск","ПАО «Якутская топливно-энергетическая компания»","Средневилюйское месторождение","газоконденсатное",NA
186,"Ноябрьск","ПАО ""НК ""РОСНЕФТЬ""","Барсуковское месторождение","нефтегазовое",NA
187,"Лесосибирск","ПАО ""НК ""РОСНЕФТЬ""","Юрубчено-Тохомское месторождение","нефтегазоконденсатное",NA
188,"Игарка","ПАО ""НК ""РОСНЕФТЬ""","Тагульское месторождение","нефтяное",NA
189,"Томск","АО НК ""РуссНефть""","Гураринское месторождение","нефтегазовое",NA
190,"Томск","АО НК ""РуссНефть""","Федюшкинское месторождение","нефтяное",NA
191,"Томск","АО НК ""РуссНефть""","Верхнесалатское месторождение","нефтяное",NA
192,"Нижневартовск","АО НК ""РуссНефть""","Столбовое месторождение","нефтяное",NA
193,"Нижневартовск","Imperial Energy","Снежное месторождение","нефтегазовое",NA
194,"Сургут","Imperial Energy","Майское месторождение","нефтяное",NA
195,"Нижневартовск","Imperial Energy","Двойное месторождение","нефтяное",NA
196,"Ноябрьск","ПАО ""НК ""РОСНЕФТЬ""","Фестивальное месторождение","нефтяное",NA
197,"Нижневартовск","Собственник/Инвестор","Конторовичское (Обское) месторождение","нефтяное",NA
198,"Томск","АО «Томскнефть» ВНК","Тагайское месторождение","нефтяное",NA
199,"Томск","АО «Томскнефть» ВНК","Карайское месторождение","нефтяное",NA
200,"Томск","Собственник/Инвестор","Матюшкинское месторождение","нефтяное",NA
201,"Нижневартовск","Собственник/Инвестор","Хвойное месторождение","нефтяное",NA
202,"Надым","ПАО «НОВАТЭК»","Ярудейское месторождение","нефтегазоконденсатное",NA
203,"Дмитровград","ПАО ""ЛУКОЙЛ""","Аксеновское месторождение","нефтяное",NA
204,"Самара","АО ""Самаранефтегаз""","Семеновское месторождение","газоконденсатное",NA
205,"Бованенково","ООО ""Газпром добыча Надым""","Бованенковское месторождение","нефтегазоконденсатное",NA
206,"Дмитровград","ПАО ""ЛУКОЙЛ""","Красновское месторождение","нефтяное",NA
207,"Дмитровград","ПАО ""ЛУКОЙЛ""","Полтавское месторождение","нефтяное",NA
208,"Сургут","ООО «РН-Юганскнефтегаз»","Малобалыкское месторождение","нефтяное",NA
209,"Новый Уренгой","АО «РОСПАН ИНТЕРНЕШНЛ»","Ново-Уренгойский лицензионный участок","газоконденсатное",NA
210,"Нефтеюганск","ПАО ""НК ""РОСНЕФТЬ""","Омбинское месторождение","нефтяное",NA
211,"Астрахань","ПАО «Газпром»","Астраханское месторождение","газоконденсатное",NA
212,"Нарьян-Мар","ООО «РН-Северная нефть»","Наульское месторождение","нефтяное",NA
213,"Нарьян-Мар","ООО «РН-Северная нефть»","Лабаганское месторождение","нефтяное",NA
214,"Салым","ПАО АНК «Башнефть»","Соровское месторождение","нефтяное",NA
215,"Горноправдинск","ПАО ""НК ""РОСНЕФТЬ""","Кондинское месторождение","нефтяное",NA
216,"Самара","АО ""Самаранефтегаз""","Западно-Коммунарское месторождение","газонефтяное",NA
217,"Петропавловск-Камчатский","ПАО «Газпром»","Кшукское месторождение","газоконденсатное",NA
218,"Петропавловск-Камчатский","ПАО «Газпром»","Ниже-Квакчинское месторождение","газоконденсатное",NA
219,"Пеледуй","ПАО «Газпром»","Чаяндинское месторождение","нефтегазоконденсатное",NA
220,"Усть-Кут","ПАО «Газпром»","Ковыктинское месторождение","газоконденсатное",NA
221,"Тарко-Сале","ООО ""Газпром добыча Ноябрьск""","Западно-Таркосалинское месторождение","нефтегазоконденсатное",NA
222,"Губкинский","ООО ""Газпром добыча Ноябрьск""","Комсомольское месторождение","нефтегазоконденсатное",NA
223,"Новый Уренгой","ООО ""Газпром добыча Надым""","Ямсовейское месторождение","нефтегазоконденсатное",NA
224,NA,"Eni","Месторождение Zohr","газоконденсатное",NA
225,"Новый Уренгой","ООО ""Газпром добыча Надым""","Юбилейное месторождение","нефтегазоконденсатное",NA
226,"Уренгой","ООО ""Газпром добыча Ямбург""","Заполярное месторождение","нефтегазоконденсатное",NA
227,"Губкинский","ЗАО «Пургаз»","Губкинское месторождение","нефтегазоконденсатное",NA
228,"Нижневартовск","ОАО ""НГК ""Славнефть""","Узунское месторождение","нефтяное",NA
229,"Южно-Сахалинск","Эксон Нефтегаз Лимитед","Месторождение Одопту","нефтяное",NA
230,"Южно-Сахалинск","Эксон Нефтегаз Лимитед","Месторождение Аркутун-Даги","нефтегазоконденсатное",NA
231,"Екатеринбург","ООО ""Газпром добыча Ноябрьск""","Бухаровское месторождение","газоконденсатное",NA
232,"Новый Уренгой","ЗАО «Ямалгазинвест»","Уренгойское месторождение Ямалгазинвест","нефтегазоконденсатное",NA
233,"Новый Уренгой","АО «РОСПАН ИНТЕРНЕШНЛ»","Восточно-Уренгойский лицензионный участок","нефтегазоконденсатное",NA
234,"Ханты-Мансийск","ПАО ""НК ""РОСНЕФТЬ""","Чапровское месторождение","нефтяное",NA
235,"Салым","ООО «РН «Уватнефтегаз»","Тямкинское месторождение","нефтяное",NA
236,"Бузулук","АО «Оренбургнефть»","Баклановское меторождение","нефтяное",NA
237,"Ханты-Мансийск","ОАО ""Сургутнефтегаз""","Южно-Ляминское месторождение","нефтяное",NA
238,NA,"ООО «ЛУКОЙЛ Узбекистан Оперейтинг Компани»","Месторождение Кандым (Кандымское месторождение)","газоконденсатное",NA
239,"Ноябрьск","ООО «ЛУКОЙЛ-Западная Сибирь»","Восточно-Перевальное месторождение","газонефтяное",NA
240,"Бузулук","АО «РИТЭК»","Западно-Бимское месторождение","нефтяное",NA
241,"Оренбург","Собственник/Инвестор","Майорское месторождение","нефтяное",NA
242,"Надым","ПАО «Газпром»","Месторождение Каменномысское-море","газовое",NA
243,"Усинск","ООО ""СК ""РУСВЬЕТПЕТРО""","Северо-Хоседаюское месторождение","нефтяное",NA
244,"Астрахань","ООО ""Каспийская нефтяная компания""","Западно-ракушечное месторождение","нефтяное",NA
245,"Астрахань","ПАО ""ЛУКОЙЛ""","Месторождение им. Ю.С. Кувыкина","нефтегазоконденсатное",NA
246,"Астрахань","Собственник/Инвестор","Центральное месторождение","нефтегазоконденсатное",NA
247,"Астрахань","ПАО ""ЛУКОЙЛ""","Месторождение 170 км","нефтегазоконденсатное",NA
248,"Ноябрьск","АО «Газпромнефть-Ноябрьскнефтегаз»","Отдельное месторождение","нефтяное",NA
249,NA,"Собственник/Инвестор","Месторождение Урга","газовое",NA
250,"Тольятти","АО «РИТЭК»","Казаковское месторождение","нефтяное",NA
251,"Новый Уренгой","ООО ""Газпром добыча Надым""","Медвежье месторождение","нефтегазоконденсатное",NA
252,"пгт Ноглики","ПАО «Газпром»","Киринское месторождение","газоконденсатное",NA
253,"Усинск","ООО «ЛУКОЙЛ-Коми»","Баяндыское месторождение","нефтяное",NA
254,"Нарьян-Мар","ООО «ЛУКОЙЛ-Коми»","Восточно-Сарутаюское месторождение","нефтяное",NA
255,"Самара","ПАО «Татнефть»","Иргизское месторождение","нефтяное",NA
256,"Ямбург","ООО ""Газпром добыча Ямбург""","Ямбургское месторождение","нефтегазоконденсатное",NA
257,"Новый Уренгой","ПАО ""НК ""РОСНЕФТЬ""","Пырейное месторождение","газоконденсатное",NA
258,"Новый Уренгой","ПАО «Газпром»","Песцовое месторождение","нефтегазоконденсатное",NA
259,"Воркута","ПАО ""НК ""РОСНЕФТЬ""","Хасырейское месторождение","нефтяное",NA
260,"Воркута","ПАО ""НК ""РОСНЕФТЬ""","Черпаюское месторождение","нефтяное",NA
261,"Новый Уренгой","ООО «РН-Пурнефтегаз»","Кынское месторождение","газоконденсатное",NA
262,"Нарьян-Мар","ООО «ЛУКОЙЛ-Коми»","Торавейское месторождение","нефтяное",NA
263,"Губкинский","ООО «РН-Пурнефтегаз»","Комсомольское месторождение","нефтегазоконденсатное",NA
264,"Нарьян-Мар","ООО «ЛУКОЙЛ-Коми»","Перевозное месторождение","нефтяное",NA
265,"Нарьян-Мар","ООО «ЛУКОЙЛ-Коми»","Южно-Шапкинское месторождение","нефтегазоконденсатное",NA
266,"Нарьян-Мар","ПАО ""ЛУКОЙЛ""","Тэдинское месторождение","нефтяное",NA
267,"Усинск","ООО «ЛУКОЙЛ-Коми»","Возейское месторождение","нефтегазоконденсатное",NA
268,"Салехард","ООО «Газпромнефть-Оренбург»","Средне-Хулымское месторождение","нефтяное",NA
269,"Тобольск","ПАО ""НК ""РОСНЕФТЬ""","Кальчинское месторождение","нефтяное",NA
270,"Новый Уренгой","ООО «Газпромнефть-Оренбург»","Сандибинское месторождение","нефтяное",NA
271,"Славянск-на-Кубани","ПАО «Газпром»","Песчаное месторождение","нефтегазоконденсатное",NA
272,"Ханты-Мансийск","ООО «Газпромнефть-Оренбург»","Кислорское месторождение","нефтяное",NA
273,"Ханты-Мансийск","ПАО ""ЛУКОЙЛ""","Красноленинское месторождение","нефтегазоконденсатное",NA
274,"Нягань","ООО «Газпромнефть-Оренбург»","Сергинское месторождение","нефтяное",NA
275,"Нижневартовск","ПАО ""НК ""РОСНЕФТЬ""","Северо-Хохряковское месторождение","нефтяное",NA
276,"Нарьян-Мар","ООО ""СК ""РУСВЬЕТПЕТРО""","Висовое месторождение","нефтяное",NA
277,"Нарьян-Мар","ООО ""СК ""РУСВЬЕТПЕТРО""","Верхнеколвинское месторождение","нефтяное",NA
278,"Нарьян-Мар","ООО ""СК ""РУСВЬЕТПЕТРО""","Западно-Хоседаюское месторождение","нефтяное",NA
279,"Нарьян-Мар","ООО ""СК ""РУСВЬЕТПЕТРО""","Сихорейское месторождение","нефтяное",NA
280,"Нарьян-Мар","ООО ""СК ""РУСВЬЕТПЕТРО""","Восточно-Сихорейское месторождение","нефтяное",NA
281,"Нарьян-Мар","ООО ""СК ""РУСВЬЕТПЕТРО""","Северо-Сихорейское месторождение","нефтяное",NA
282,"Нарьян-Мар","ООО ""СК ""РУСВЬЕТПЕТРО""","Северо-Ошкотынское месторождение","нефтяное",NA
283,"Нарьян-Мар","ООО ""СК ""РУСВЬЕТПЕТРО""","Сюрхаратинское месторождение","нефтяное",NA
284,"Нарьян-Мар","ООО ""СК ""РУСВЬЕТПЕТРО""","Пюсейское месторождение","нефтяное",NA
285,"Нарьян-Мар","ООО ""СК ""РУСВЬЕТПЕТРО""","Южно-Сюрхаратинское месторождение","нефтяное",NA
286,"Нарьян-Мар","ООО ""СК ""РУСВЬЕТПЕТРО""","Урернырдское месторождение","нефтяное",NA
287,"Нарьян-Мар","ООО ""СК ""РУСВЬЕТПЕТРО""","Восточно-Янемдейское месторождение","нефтяное",NA
288,"Нарьян-Мар","ПАО ""НК ""РОСНЕФТЬ""","Пасседское месторождение","нефтяное",NA
289,"Баку","Bp Plc","Месторождение Шах-Дениз","газоконденсатное",NA
290,"Оренбург","АО «Оренбургнефть»","Рыбкинское месторождение","нефтяное",NA
291,"Нефтеюганск","ПАО ""НК ""РОСНЕФТЬ""","Южно-Сургутское месторождение","нефтяное",NA
292,"Нурлат","ПАО «Татнефть»","Вишнево-Полянское месторождение","нефтяное",NA
293,"Новый Уренгой","ПАО «Газпром»","Малыгинское месторождение","газоконденсатное",NA
294,NA,"АО «Узбекнефтегаз»","Месторождения Шахпахты","газоконденсатное",NA
295,"Оренбург","АО НК ""РуссНефть""","Кошинское месторождение","газонефтяное",NA
296,"Оренбург","АО НК ""РуссНефть""","Яснополянское месторождение","газонефтяное",NA
297,"Тюмень","ООО «РН «Уватнефтегаз»","Южно-Петьёгское месторождение","нефтяное",NA
298,"Сургут","ПАО ""НК ""РОСНЕФТЬ""","Угутское месторождения","нефтяное",NA
299,"Нижневартовск","АО НК ""РуссНефть""","Тагринское месторождение","нефтегазоконденсатное",NA
300,"Пеледуй","ОАО ""Сургутнефтегаз""","Талаканское месторождение","нефтегазоконденсатное",NA
301,"Нижневартовск","АО НК ""РуссНефть""","Варьеганское месторождение","нефтегазоконденсатное",NA
302,"Нефтекамск","ПАО АНК «Башнефть»","Арланское месторождение","нефтяное",NA
303,"Нефтеюганск","ПАО ""НК ""РОСНЕФТЬ""","Усть-Балыкское месторождение","нефтяное",NA
304,"Оха","ПАО ""НК ""РОСНЕФТЬ""","Месторождение Усть-Эвай","газоконденсатное",NA
305,"Бованенково","ПАО «Газпром»","Крузенштернское месторождение","газоконденсатное",NA
306,"Бованенково","ПАО «Газпром»","Харасавэйское месторождение","газоконденсатное",NA
307,"Варандей","ООО «ЛУКОЙЛ-Коми»","Варандейское месторождение","нефтяное",NA
308,"Оренбург","АО «Оренбургнефть»","Кирсановское месторождение","нефтяное",NA
309,"Когалым","ООО ""ЛУКойл-Аик""","Когалымское месторождение","нефтяное",NA
310,"Когалым","ООО «ЛУКОЙЛ-Западная Сибирь»","Тевлинско-Русскинское месторождение","нефтяное",NA
311,"Когалым","ООО «ЛУКОЙЛ-Западная Сибирь»","Вать-Еганское месторождение","нефтяное",NA
312,"Когалым","ООО «ЛУКОЙЛ-Западная Сибирь»","Повховское месторождение","нефтяное",NA
313,"Когалым","ООО «ЛУКОЙЛ-Западная Сибирь»","Южно-Ягунское месторождение","нефтяное",NA
314,"Лангепас","ООО «ЛУКОЙЛ-Западная Сибирь»","Покачевское месторождение","нефтяное",NA
315,"Лангепас","ООО «ЛУКОЙЛ-Западная Сибирь»","Урьевское месторождение","нефтяное",NA
316,"Когалым","ООО «ЛУКОЙЛ-Западная Сибирь»","Нонг-Еганское месторождение","нефтяное",NA
317,"Когалым","ООО «ЛУКОЙЛ-Западная Сибирь»","Дружное месторождение","нефтяное",NA
318,"Лангепас","ООО «ЛУКОЙЛ-Западная Сибирь»","Нивагальское месторождение","нефтяное",NA
319,"Лангепас","ООО «ЛУКОЙЛ-Западная Сибирь»","Поточное месторождение","нефтяное",NA
320,"Лангепас","ООО «ЛУКОЙЛ-Западная Сибирь»","Кечимовское месторождение","нефтяное",NA
321,"Харьяга","ООО «ЛУКОЙЛ-Коми»","Ошское месторождение","нефтяное",NA
322,"Харьяга","ООО «ЛУКОЙЛ-Коми»","Восточно-Ламбейшорское месторождение","нефтяное",NA
323,"Печора","ООО «ЛУКОЙЛ-Коми»","Кыртаельское месторождение","нефтегазоконденсатное",NA
324,"Усолье","ООО ""ЛУКОЙЛ-ПЕРМЬ""","Уньвинское месторождение","нефтяное",NA
325,"Чайковский","ООО ""ЛУКОЙЛ-ПЕРМЬ""","Шагиртско-Гожанское месторождение","нефтяное",NA
326,"Усолье","ООО ""ЛУКОЙЛ-ПЕРМЬ""","Сибирское месторождение","нефтяное",NA
327,"Саратов","ПАО ""ЛУКОЙЛ""","Памятно-Сасовское месторождение","нефтяное",NA
328,"Калининград","ПАО ""ЛУКОЙЛ""","Кравцовское месторождение","нефтяное",NA
329,"Новый Уренгой","ООО «ЛУКОЙЛ-Западная Сибирь»","Находкинское месторождение","нефтегазовое",NA
330,"Сабетта","ООО ""Арктик СПГ 3""","Северо-Обское месторождение (лицензионный участок)","газоконденсатное",NA
331,"Мунгуй","АО ""ТАЙМЫРНЕФТЕГАЗ""","Пайяхское месторождение","нефтяное",NA
332,"Новый Уренгой","ПАО «Газпром»","Ен-Яхинское месторождение","нефтегазоконденсатное",NA
333,"Пыть-Ях","ПАО ""НК ""РОСНЕФТЬ""","Среднебалыкское месторождение","нефтяное",NA
334,"Нарьян-Мар","АО «Независимая нефтегазовая компания»","Колвинское месторождение","нефтяное",NA
335,"Уренгой","ОАО «Севернефтегазпром»","Южно-Русское месторождение (ЮРНГКМ)","нефтегазоконденсатное",NA
336,"Тарко-Сале","ПАО «НОВАТЭК»","Термокарстовое месторождение","газоконденсатное",NA
337,"пгт Ноглики","ООО «Газпромнефть-Сахалин»","Месторождение Тритон (Аяшский участок)","нефтяное",NA
338,"Нижневартовск","ПАО ""НК ""РОСНЕФТЬ""","Хохряковское месторождение","нефтяное",NA
339,"Нефтеюганск","ПАО ""НК ""РОСНЕФТЬ""","Салымское месторождение (Лемпинская площадь)","нефтяное",NA
340,"Нижневартовск","ПАО ""НК ""РОСНЕФТЬ""","Киняминское месторождение","нефтяное",NA
341,"Усть-Кут","ООО «ИНК» (Иркутская нефтяная компания)","Марковское месторождение","нефтегазоконденсатное",NA
342,"Яр-Сале","ПАО «Газпром»","Северо-Тамбейский лицензионный участок","газоконденсатное",NA
343,NA,"ПАО «Газпром»","Русановский лицензионный участок","газоконденсатное",NA
344,NA,"ПАО «Газпром»","Ленинградское месторождение","газоконденсатное",NA
345,"Ленск","ПАО «Газпром»","Тас-Юряхское месторождение","нефтегазоконденсатное",NA
346,"Нефтеюганск","ПАО ""НК ""РОСНЕФТЬ""","Петелинское месторождение","нефтегазовое",NA
347,"Нефтеюганск","Собственник/Инвестор","Мултановское месторождение","нефтяное",NA
348,"Нягань","ПАО ""ЛУКОЙЛ""","Западно-Тугровское месторождение","нефтегазовое",NA
349,NA,"ПАО ""ЛУКОЙЛ""","Восточно-Тугровское месторождение","нефтегазовое",NA
350,"Ханты-Мансийск","ООО «ЛУКОЙЛ-Западная Сибирь»","Ловинское месторождение","нефтяное",NA
351,"Нижневартовск","Собственник/Инвестор","Южно-Гавриковское месторождение","нефтегазовое",NA
352,NA,"АО «Томскнефть» ВНК","Герасимовское месторождение","нефтегазоконденсатное",NA
353,"Усинск","ООО «ЛУКОЙЛ-Коми»","Южно-Юрьяхинское месторождение","нефтегазовое",NA
354,"Нарьян-Мар","ООО «ЛУКОЙЛ-Коми»","Пашшорское месторождение","нефтяное",NA
355,"Усинск","ООО «ЛУКОЙЛ-Коми»","Месторождение им. Алабушина","нефтяное",NA
356,"Иркутск","ПАО «Газпром нефть»","Игнялинское месторождение","нефтегазоконденсатное",NA
357,"Ленск","ПАО «Газпром нефть»","Тымпучиканское месторождение","нефтегазоконденсатное",NA
358,"Ленск","ПАО «Газпром нефть»","Вакунайское месторождение","нефтегазоконденсатное",NA
359,"Якутск","АО «САХАТРАНСНЕФТЕГАЗ»","Среднетюнгское месторождение","газоконденсатное",NA
360,"Ленск","ПАО «Газпром»","Верхневилючанское месторождение","нефтегазовое",NA
361,"Норильск","ПАО «Газпром»","Северо-Соленинское месторождение","газоконденсатное",NA
362,"Бузулук","АО «Оренбургнефть»","Бобровское месторождение","нефтегазовое",NA
363,"Тобольск","ООО «РН «Уватнефтегаз»","Тальцийское месторождение","нефтяное",NA
364,"Лабытнанги","ПАО «НОВАТЭК»","Мало-Ямальский лицензионный участок","газоконденсатное",NA
365,"Лабытнанги","ООО «Газпромнефть-Ямал»","Южно-Каменномысский лицензионный участок","нефтяное",NA
366,"Лабытнанги","ПАО «Газпром нефть»","Каменномысский лицензионный участок","нефтегазоконденсатное",NA
367,"Лабытнанги","ПАО «Газпром нефть»","Суровый лицензионный часток","нефтяное",NA
368,"Кунгур","ООО ""ЛУКОЙЛ-ПЕРМЬ""","Кокуйское месторождение","нефтегазоконденсатное",NA
369,NA,"ООО «Газпром нефть шельф»","Долгинское месторождение","нефтяное",NA
370,"Ижевск","ОАО ""Удмуртнефть""","Ижевском месторождении","нефтяное",NA
371,"Нижневартовск","ОАО ""НГК ""Славнефть""","Ватинское месторождение","нефтяное",NA
372,"Новый Уренгой","ОАО ""Арктикгаз"" (""АРКТИЧЕСКАЯ ГАЗОВАЯ КОМПАНИЯ"")","Северо-Есетинское месторождение","нефтегазоконденсатное",NA
373,"Воркута","ПАО ""НК ""РОСНЕФТЬ""","Нядейюское месторождение","нефтяное",NA
374,"Когалым","ООО «ЛУКОЙЛ-Западная Сибирь»","Имилорское месторождение","нефтяное",NA
375,"Сургут","ПАО ""ЛУКОЙЛ""","Чумпасское месторождение","нефтяное",NA
376,"Сосногорск","ООО «ЛУКОЙЛ-Коми»","Пашнинское месторождение","нефтегазоконденсатное",NA
377,"Мелеуз","АО «Оренбургнефть»","Волостновское месторождение","нефтяное",NA
378,NA,"АО НК ""РуссНефть""","Верхне-Шапшинское месторождение","нефтяное",NA
379,"Соликамск","ООО ""ЛУКОЙЛ-ПЕРМЬ""","Жилинское месторождение","нефтегазоконденсатное",NA
380,"Печора","ООО «Газпром добыча Краснодар»","Печорогородское месторождение","газоконденсатное",NA
381,"Уват","ООО «РН «Уватнефтегаз»","Немчиновское месторождение","нефтяное",NA
382,"Нижневартовск","АО «Томскнефть» ВНК","Трайгородско-Кондаковское месторождение","нефтяное",NA
383,"Усинск","ПАО ""НК ""РОСНЕФТЬ""","Южно-Баганское месторождение","нефтяное",NA
384,"Сургут","ПАО ""НК ""РОСНЕФТЬ""","Кузоваткинское месторождение","нефтяное",NA
385,"Сабетта","ООО «НОВАТЭК-ЮРХАРОВНЕФТЕГАЗ»","Верхнетиутейское месторождение","газовое",NA
386,"Сабетта","ООО «НОВАТЭК-ЮРХАРОВНЕФТЕГАЗ»","Западно-Сеяхинское месторождение","газовое",NA
387,"Бузулук","АО «Оренбургнефть»","Росташинское месторождение","нефтяное",NA
388,"Бузулук","АО «Оренбургнефть»","Сорочинско-Никольское месторождение","нефтегазовое",NA
389,"Бузулук","АО «Оренбургнефть»","Гаршинское месторождение","нефтяное",NA
390,"Бузулук","АО «Оренбургнефть»","Покровское месторождение","нефтяное",NA
391,"Когалым","ООО «ЛУКОЙЛ-Западная Сибирь»","Северо-Кочевское месторождение","нефтяное",NA
392,"Соликамск","ООО ""ЛУКОЙЛ-ПЕРМЬ""","Месторождение им. Сухарева","нефтяное",NA
393,"Бузулук","АО «Оренбургнефть»","Скворцовское месторождение","нефтяное",NA
394,"Туймазы","ПАО АНК «Башнефть»","Илишевское месторождение","нефтяное",NA
395,"Тулун","ПАО «Газпром»","Чиканское месторождение","газоконденсатное",NA
396,"Новый Уренгой","ООО «ЛУКОЙЛ-Западная Сибирь»","Хальмерпаютинское месторождение","газоконденсатное",NA
397,NA,"ПАО «Газпром»","Нярмейский участок","газовое",NA
398,NA,"ПАО «Газпром»","Месторождение им. В.А. Динкова","газовое",NA
399,NA,"ПАО «Газпром»","Скуратовский участок","газовое",NA
400,"Сургут","ООО «РН-Юганскнефтегаз»","Южно-Балыкское месторождение","нефтяное",NA
401,"Сургут","ООО «РН-Юганскнефтегаз»","Среднеугутское месторождение","нефтегазовое",NA
402,"Нижневартовск","ПАО ""НК ""РОСНЕФТЬ""","Верхнеколик-Еганское месторождение","нефтегазоконденсатное",NA
403,"Ханты-Мансийск","ООО «РН «Уватнефтегаз»","Радонежское месторождение","нефтяное",NA
404,"Тобольск","ООО «РН «Уватнефтегаз»","Северо-Тямкинское месторождение","нефтяное",NA
405,"Норильск","ООО «НОВАТЭК-ЮРХАРОВНЕФТЕГАЗ»","Нанадянское месторождение","газовое",NA
406,"Нижневартовск","АО «Русь-Ойл»","Варынгское месторождение","нефтегазоконденсатное",NA
407,"Нижневартовск","ПАО ""НК ""РОСНЕФТЬ""","Бахиловское месторождение","нефтегазоконденсатное",NA
408,"Тольятти","АО «РИТЭК»","Майоровское месторождение","нефтяное",NA
409,"Тольятти","АО «РИТЭК»","Марьинское месторождение","нефтяное",NA
410,"Сургут","ОАО ""Сургутнефтегаз""","Комарьинское месторождение","нефтегазоконденсатное",NA
411,"Мелеуз","ПАО АНК «Башнефть»","Тереклинское месторождение","нефтяное",NA
412,"Ханты-Мансийск","ООО «Газпромнефть-Хантос»","Южно-Приобское месторождение","нефтяное",NA
413,"Пермь","ООО ""ЛУКОЙЛ-ПЕРМЬ""","Рассветное месторождение","нефтяное",NA
414,"Уфа","ПАО АНК «Башнефть»","Искринское месторождение","нефтяное",NA
415,"Новый Уренгой","ООО «НОВАТЭК-ТАРКОСАЛЕНЕФТЕГАЗ»","Южно-Хадырьяхинское месторождение","нефтегазоконденсатное",NA
416,"Новый Уренгой","ООО «НОВАТЭК-ТАРКОСАЛЕНЕФТЕГАЗ»","Стерховое месторождение","газоконденсатное",NA
417,"Томск","ООО «Газпромнефть-Восток»","Южно-Шингинское месторождение","нефтяное",NA
418,"Новый Уренгой","АО «Газпромнефть-Ноябрьскнефтегаз»","Западно-Чатылькинское месторождение","нефтяное",NA
419,"Печора","ООО «ЛУКОЙЛ-Коми»","Южно-Терехевейское месторождение","нефтяное",NA
420,"Норильск","ПАО «НОВАТЭК»","Солетско-Ханавейское месторождение","газоконденсатное",NA
421,"Салехард","ПАО «НОВАТЭК»","Штормовое месторождение","газовое",NA
422,"Певек","ООО «Газпромнефть-Сахалин»","Северо-Врангелевский лицензионный участок","нефтегазовое",NA
423,"Кодинск","ПАО «Газпром»","Абаканское месторождение","газовое",NA
424,NA,"ПАО «Газпром»","Ильбокичское месторождение","газоконденсатное",NA
425,"Богучаны","ПАО «Газпром»","Имбинское месторождение","газовое",NA
426,"Николаевск-на-Амуре","«Сахалин Энерджи Инвестмент Компани Лтд.» («Сахалин Энерджи» / ""SAKHALIN ENERGY"")","Лунское месторождение","нефтегазоконденсатное",NA
427,"Ленск","ОАО ""Сургутнефтегаз""","Ленское месторождение","нефтегазоконденсатное",NA
428,"Оха","«Сахалин Энерджи Инвестмент Компани Лтд.» («Сахалин Энерджи» / ""SAKHALIN ENERGY"")","Пильтун-Астохское месторождение","нефтегазоконденсатное",NA
429,"Аксай","Собственник/Инвестор","Карачаганакское месторождение","нефтегазоконденсатное",NA
430,"Альметьевск","АО «РИТЭК»","Енорускинское месторождение","нефтяное",NA
431,"Новый Уренгой","АО ""Зарубежнефть""","Луцеяхское месторождение","нефтяное",NA
432,"Феодосия","Собственник/Инвестор","Поворотное месторождение","газоконденсатное",NA
433,"Уфа","ПАО АНК «Башнефть»","Манчаровское месторождение","нефтяное",NA
434,"Новый Уренгой","ООО «НОВАТЭК-ТАРКОСАЛЕНЕФТЕГАЗ»","Юмантыльское месторождение","нефтегазоконденсатное",NA
435,NA,NA,"Прохоровское месторождение","нефтяное",NA
436,"Новый Уренгой","ООО «НОВАТЭК-ЮРХАРОВНЕФТЕГАЗ»","Усть-Ямсовейское месторождение","газоконденсатное",NA
437,"Новый Уренгой","ОАО ""Арктикгаз"" (""АРКТИЧЕСКАЯ ГАЗОВАЯ КОМПАНИЯ"")","Северо-Часельское НГКМ","нефтегазоконденсатное",NA
438,"Тазовский","ООО «ЛУКОЙЛ-Западная Сибирь»","Южно-Мессояхское месторождение","газоконденсатное",NA
439,"Яр-Сале","ПАО «Газпром нефть»","Хамбатейское месторождение","газоконденсатное",NA
440,"Усть-Илимск","ООО «Газпром добыча Краснодар»","Собинское месторождение","нефтегазоконденсатное",NA
441,"Ноябрьск","ООО «РН-Пурнефтегаз»","Южно-Тарасовское месторождение","нефтяное",NA
442,"Губкинский","ООО «ЛУКОЙЛ-Западная Сибирь»","Северо-Губкинское месторождение","нефтегазоконденсатное",NA
443,"Ноябрьск","АО «Газпромнефть-Ноябрьскнефтегаз»","Валынтойское месторождение","нефтяное",NA
444,"Ханты-Мансийск","ПАО ""НК ""РОСНЕФТЬ""","Ендырское месторождение","нефтяное",NA
445,"Ямбург","ООО «НОВАТЭК-ЮРХАРОВНЕФТЕГАЗ»","Геофизическое месторождение","нефтегазоконденсатное",NA
446,"Усть-Кут","ООО ""Газпром добыча Иркутск""","Хандинское месторождение","газоконденсатное",NA
447,"Ленск","ООО ""Газпромнефть-Ангара""","Хотого-Мурбайское месторождение","газовое",NA
448,"Вилюйск","ООО ""Газпром геологоразведка""","Соболох-Неджелинское месторождение","газоконденсатное",NA
449,"Братск","АО ""Братскэкогаз""","Братское месторождение","газоконденсатное",NA
450,"Богучаны","ООО ""Газпром геологоразведка""","Берямбинское месторождение","газовое",NA
451,"Куюмба","ООО «Красноярскгазпром нефтегазпроект»","Ново-Юдуконское месторождение","газоконденсатное",NA
452,"Стрежевой","ОАО «Томскгазпром»","Северо-Васюганское месторождение","газоконденсатное",NA
453,"Кедровый","ОАО «Томскгазпром»","Мирное месторождение","нефтегазоконденсатное",NA
454,"Тарко-Сале","ООО ""Газпром добыча Ноябрьск""","Кутымское месторождение","нефтегазоконденсатное",NA
455,"Тарко-Сале","ООО ""Газпром добыча Ноябрьск""","Восточно-Тэрельское месторождение","нефтегазовое",NA
456,"Красноселькуп","ООО ""Газпром добыча Ноябрьск""","Южно-Кыпакынское месторождение","газоконденсатное",NA
457,"Тарко-Сале","АО «НК «Мангазея»","Акайтемское месторождение","нефтегазовое",NA
458,"Новый Уренгой","ОАО «Севернефтегазпром»","Яровое месторождение","нефтегазоконденсатное",NA
459,"Новый Уренгой","АО «Сибнефтегаз»","Западно-Заполярное месторождение","газовое",NA
460,"Новый Уренгой","ООО ""Газпром добыча Уренгой""","Западно-Песцовое месторождение","нефтегазоконденсатное",NA
461,"Новый Уренгой","ООО ""Газпром добыча Уренгой""","Южно-Песцовое месторождение","газоконденсатное",NA
462,"Новый Уренгой","ООО ""Газпром добыча Надым""","Падинское месторождение","газоконденсатное",NA
463,"Новый Уренгой","ООО ""Газпром добыча Надым""","Южно-Падинское месторождение","нефтегазоконденсатное",NA
464,"Тарко-Сале","АО ""НК ""Технологии добычи нефти и инвестиции"" (""Технефтьинвест"")","Дремучее месторождение","нефтегазоконденсатное",NA
465,"Новый Уренгой","ООО ""Газпром добыча Надым""","Пангодинское месторождение","газоконденсатное",NA
466,"Тарко-Сале","ООО «ЛУКОЙЛ-Западная Сибирь»","Присклоновое месторождение","нефтегазоконденсатное",NA
467,"Губкинский","ОАО ""НК ""Янгпур""","Вьюжное месторождение","газоконденсатное",NA
468,"Ямбург","Собственник/Инвестор","Харвутинское месторождение","нефтегазовое",NA
469,"Ямбург","ООО ""Газпром добыча Ямбург""","Южно-Парусовое месторождение","газоконденсатное",NA
470,"Ямбург","ООО ""РусГазАльянс""","Северо-Парусовое месторождение","газовое",NA
471,"Ямбург","ООО ""РусГазАльянс""","Парусовое месторождение","нефтегазовое",NA
472,"Ямбург","ООО ""РусГазАльянс""","Семаковское месторождение","газовое",NA
473,"Ямбург","ПАО «Газпром»","Антипаютинское месторождение","газовое",NA
474,"Ямбург","ПАО «Газпром»","Тота-Яхинское месторождение","газовое",NA
475,"Яр-Сале","ПАО «Газпром»","Чугорьяхинское месторождение","газоконденсатное",NA
476,"Бованенково","ПАО «Газпром»","Южно-Крузенштернское месторождение","газовое",NA
477,"Сабетта","ПАО «Газпром»","Западно-Тамбейское месторождение","нефтегазоконденсатное",NA
478,"Лабытнанги","ООО ""Газпром добыча Ямбург""","Северо-Каменномысское месторождение","газоконденсатное",NA
479,"Нарьян-Мар","ОАО Арктикморнефтегазразведка","Поморское месторождение","газоконденсатное",NA
480,"Печора","ООО «Газпром добыча Краснодар»","Печорокожвинское месторождение","нефтегазоконденсатное",NA
481,"Печора","ООО «Газпром добыча Краснодар»","Северо-Югидское месторождение","нефтегазоконденсатное",NA
482,"Вуктыл","ООО «Газпром добыча Краснодар»","Западно-Соплесское месторождение","нефтегазоконденсатное",NA
483,"Печора","ООО «Газпром добыча Краснодар»","Югидское месторождение","нефтегазоконденсатное",NA
484,"Вуктыл","ООО «Газпром добыча Краснодар»","Вуктыльское месторождение","нефтегазоконденсатное",NA
485,"Нижний Тагил","ООО ""Газпром добыча Ноябрьск""","Кедровское месторождение","газовое",NA
486,"Екатеринбург","ПАО «Газпром»","Сухореченское месторождение","нефтегазовое",NA
487,"Оренбург","АО ""УНГП"" (АО ""Уралнефтегазпром"")","Копанское месторождение","нефтегазоконденсатное",NA
488,"Оренбург","АО ""УНГП"" (АО ""Уралнефтегазпром"")","Теректинское месторождение","газоконденсатное",NA
489,"Оренбург","ООО ""Газпром добыча Оренбург""","Акобинское месторождение","газовое",NA
490,"Усть-Кут","ООО «Газпром добыча Краснодар»","Патроновское месторождение","газоконденсатное",NA
491,"Дмитровград","ООО «Газпром добыча Краснодар»","Плотинское месторождение","газовое",NA
492,"Дмитровград","ООО «Газпром добыча Краснодар»","Дубовское месторождение","газоконденсатное",NA
493,"Ростов-на-Дону","ООО «Газпром добыча Краснодар»","Синявское месторождение","газовое",NA
494,"Приморско-Ахтарск","ООО «Газпром добыча Краснодар»","Бейсугское месторождение","газовое",NA
495,"Приморско-Ахтарск","ООО «Газпром добыча Краснодар»","Свободненское месторождение","газовое",NA
496,"Приморско-Ахтарск","ООО «Газпром добыча Краснодар»","Лебединское месторождение","газовое",NA
497,"Приморско-Ахтарск","ООО «Газпром добыча Краснодар»","Каневско-Лебяжье месторождение","газоконденсатное",NA
498,"Ейск","ООО «Газпром добыча Краснодар»","Староминское месторождение","газоконденсатное",NA
499,"Тимашевск","ООО «Газпром добыча Краснодар»","Гречаное месторождение","газовое",NA
500,"Тимашевск","ООО «Газпром добыча Краснодар»","Роговское месторождение","газовое",NA
501,"Тимашевск","ООО «Газпром добыча Краснодар»","Днепровское месторождение","газовое",NA
502,"Тимашевск","ООО «Газпром добыча Краснодар»","Крыловское месторождение","газоконденсатное",NA
503,"Тимашевск","ООО «Газпром добыча Краснодар»","Восточно-Крыловское месторождение","газоконденсатное",NA
504,"Тихорецк","ООО «Газпром добыча Краснодар»","Челбасское месторождение","газоконденсатное",NA
505,"Батайск","ООО «Газпром добыча Краснодар»","Северо-Екатериновское месторождение","газоконденсатное",NA
506,"Тихорецк","ООО «Газпром добыча Краснодар»","Южно-Сердюковское месторождение","газоконденсатное",NA
507,"Тихорецк","ООО «Газпром добыча Краснодар»","Березанское месторождение","газоконденсатное",NA
508,"Тихорецк","ООО «Газпром добыча Краснодар»","Сердюковское месторождение","газоконденсатное",NA
509,"Тихорецк","ООО «Газпром добыча Краснодар»","Ильинское месторождение","газоконденсатное",NA
510,"Новоалександровск","ООО «Газпром добыча Краснодар»","Расшеватское месторождение","газоконденсатное",NA
511,"Ставрополь","ПАО «Газпром»","Северо-Ставропольско-Пелагиадинское месторождение","газовое",NA
512,"Ставрополь","ООО «Газпром добыча Краснодар»","Сенгилеевское месторождение","газовое",NA
513,"Армавир","ООО «Газпром добыча Краснодар»","Николаевское месторождение","газоконденсатное",NA
514,"Армавир","ООО «Газпром добыча Краснодар»","Южно-Советское месторождение","газоконденсатное",NA
515,"Городовиковск","ООО «Газпром добыча Краснодар»","Радыковское месторождение","газовое",NA
516,"Городовиковск","ООО «Газпром добыча Краснодар»","Южно-Радыковское месторождение","газовое",NA
517,"Ставрополь","ООО «Газпром добыча Краснодар»","Безопасненское месторождение","газовое",NA
518,"Ставрополь","ООО «Газпром добыча Краснодар»","Тахта-Кугультинское месторождение","газовое",NA
519,"Светлоград","ООО «Газпром добыча Краснодар»","Кугутское месторождение","газовое",NA
520,"Светлоград","ООО «Газпром добыча Краснодар»","Казино-Грачевское месторождение","газовое",NA
521,"Светлоград","ООО «Газпром добыча Краснодар»","Петровско-Благодарненское месторождение","газовое",NA
522,"Благодарный","ООО «Газпром добыча Краснодар»","Каменно-Балковское месторождение","газовое",NA
523,"Благодарный","ООО «Газпром добыча Краснодар»","Восточно-Арзгирское месторождение","газовое",NA
524,"Благодарный","ООО «Газпром добыча Краснодар»","Мирненское месторождение","газоконденсатное",NA
525,"Благодарный","ООО «Газпром добыча Краснодар»","Журавское месторождение","нефтегазовое",NA
526,"Белореченск","ООО «Газпром добыча Краснодар»","Некрасовское месторождение","газоконденсатное",NA
527,"Белореченск","ООО «Газпром добыча Краснодар»","Ладожское месторождение","газовое",NA
528,"Славянск-на-Кубани","ООО «Газпром добыча Краснодар»","Пригибское месторождение","газовое",NA
529,"Славянск-на-Кубани","ООО «Газпром добыча Краснодар»","Гривенское месторождение","газовое",NA
530,"Славянск-на-Кубани","ООО «Газпром добыча Краснодар»","Мусициевское месторождение","газовое",NA
531,"Славянск-на-Кубани","ООО «Газпром добыча Краснодар»","Мостовянское месторождение","газовое",NA
532,"Каменск-Шахтинский","ООО «Газпром добыча Краснодар»","Кружиловское месторождение","газовое",NA
533,"Темрюк","ООО «Газпром добыча Краснодар»","Прибрежное месторождение","нефтегазоконденсатное",NA
534,"Краснодар","ООО «Газпром добыча Краснодар»","Мечетское месторождение","газовое",NA
535,"Темрюк","ООО «Газпром добыча Краснодар»","Черноерковское месторождение","нефтегазоконденсатное",NA
536,"Темрюк","ООО «Газпром добыча Краснодар»","Южно-Черноерковское месторождение","нефтегазовое",NA
537,"Крымск","ООО «Газпром добыча Краснодар»","Красноармейское месторождение","газовое",NA
538,"Краснодар","ООО «Газпром добыча Краснодар»","Западно-Красноармейское месторождение","газовое",NA
539,"Мурманск","ПАО «Газпром»","Ледовое месторождение","газоконденсатное",NA
540,"Дудинка","ПАО ""НК ""РОСНЕФТЬ""","Западно-Иркинский лицензионный участок","нефтегазовое",NA
541,"Волгоград","АО «РИТЭК»","Малышевское месторождение","нефтегазоконденсатное",NA
542,"Новый Уренгой","АО «Сибнефтегаз»","Хадытаяхский лицензионный участок","нефтегазовое",NA
543,"Новый Уренгой","АО «Сибнефтегаз»","Малохадырьяхинский лицензионный участок","нефтегазовое",NA
544,"Краснодар","ПАО ""НК ""РОСНЕФТЬ""","Западно-Мечетское месторождение","нефтяное",NA
545,"Бузулук","АО «Оренбургнефть»","Новожедринское месторождение","нефтяное",NA
546,"Бузулук","АО «Оренбургнефть»","Пешковское месторождение","нефтяное",NA
547,"Бузулук","АО «Оренбургнефть»","Сахаровское месторождение","нефтегазоконденсатное",NA
548,"Бузулук","АО «Оренбургнефть»","Бугринское месторождение","нефтяное",NA
549,"Нижневартовск","ПАО ""НК ""РОСНЕФТЬ""","Пермяковское месторождение","нефтяное",NA
550,"Бугуруслан","АО «Оренбургнефть»","Новомихайловское месторождение","нефтяное",NA
551,"Нижневартовск","ПАО ""НК ""РОСНЕФТЬ""","Хохловское месторождение","нефтяное",NA
552,"Самара","АО «РИТЭК»","Мамуринское месторождение","нефтяное",NA
553,"Чайковский","ООО ""ЛУКОЙЛ-ПЕРМЬ""","Осинское месторождение","нефтяное",NA
554,NA,"ПАО «Татнефть»","Краснооктябрьское месторождение","нефтяное",NA
555,"Лангепас","ООО «ЛУКОЙЛ-Западная Сибирь»","Локосовское месторождение","нефтяное",NA
556,"Самара","АО ""Самаранефтегаз""","Белозерско-Чубовское месторождение","нефтяное",NA
557,"Уфа","ПАО АНК «Башнефть»","Малышевское месторождение","нефтяное",NA
558,"Самара","АО ""Самаранефтегаз""","Малышевское месторождение","нефтяное",NA
